0:00;https://start.bizon365.ru/room/6538/jk86m63o2r
0:15;https://start.bizon365.ru/room/6538/nlp2
0:30;https://start.bizon365.ru/room/6538/nlp3
0:45;https://start.bizon365.ru/room/6538/nlp4
1:00;https://start.bizon365.ru/room/6538/nlp5
1:15;https://start.bizon365.ru/room/6538/nlp6
1:30;https://start.bizon365.ru/room/6538/nlp7
1:45;https://start.bizon365.ru/room/6538/nlp8
2:00;https://start.bizon365.ru/room/6538/nlp9
2:15;https://start.bizon365.ru/room/6538/nlp10
2:30;https://start.bizon365.ru/room/6538/nlp11